text,activation,valence,quadrant
estoy listo para gritar de felicidad,alta,positiva,alta_positiva
tengo el corazón latiendo a mil ahora mismo,alta,positiva,alta_positiva
estoy listo para reír a carcajadas de felicidad,alta,positiva,alta_positiva
la verdad es que estoy que no quepo de la alegría,alta,positiva,alta_positiva
estoy listo para correr de felicidad,alta,positiva,alta_positiva
últimamente siento una energía desbordante,alta,positiva,alta_positiva
estoy a tope completamente,alta,positiva,alta_positiva
estoy listo para bailar de entusiasmo,alta,positiva,alta_positiva
quiero reír a carcajadas de entusiasmo,alta,positiva,alta_positiva
siento mariposas en el estómago,alta,positiva,alta_positiva
estoy listo para abrazar a todos de emoción,alta,positiva,alta_positiva
tengo ganas de saltar de alegría,alta,positiva,alta_positiva
tengo las pilas puestas de verdad,alta,positiva,alta_positiva
tengo las pilas puestas,alta,positiva,alta_positiva
tengo ganas de saltar de felicidad,alta,positiva,alta_positiva
quiero bailar de alegría,alta,positiva,alta_positiva
estoy que no quepo de la alegría,alta,positiva,alta_positiva
la verdad es que siento electricidad en el cuerpo,alta,positiva,alta_positiva
quiero celebrar de alegría,alta,positiva,alta_positiva
me muero por bailar de felicidad,alta,positiva,alta_positiva
estoy listo para gritar de emoción,alta,positiva,alta_positiva
tengo las pilas puestas completamente,alta,positiva,alta_positiva
te juro que siento mariposas en el estómago,alta,positiva,alta_positiva
quiero gritar de alegría,alta,positiva,alta_positiva
estoy que no quepo de la alegría completamente,alta,positiva,alta_positiva
tengo ganas de correr de entusiasmo,alta,positiva,alta_positiva
siento una energía desbordante porque sí,alta,positiva,alta_positiva
siento que voy a reír a carcajadas de emoción,alta,positiva,alta_positiva
estoy listo para gritar de entusiasmo,alta,positiva,alta_positiva
tengo el corazón latiendo a mil,alta,positiva,alta_positiva
siento que voy a correr de felicidad,alta,positiva,alta_positiva
tengo ganas de bailar de felicidad,alta,positiva,alta_positiva
te juro que me tiemblan las manos de la emoción,alta,positiva,alta_positiva
estoy súper motivado,alta,positiva,alta_positiva
sinceramente estoy súper motivado,alta,positiva,alta_positiva
tengo el corazón latiendo a mil hoy,alta,positiva,alta_positiva
literalmente siento una energía desbordante,alta,positiva,alta_positiva
me muero por abrazar a todos de alegría,alta,positiva,alta_positiva
siento que voy a celebrar de alegría,alta,positiva,alta_positiva
me muero por saltar de emoción,alta,positiva,alta_positiva
me muero por abrazar a todos de felicidad,alta,positiva,alta_positiva
quiero celebrar de felicidad,alta,positiva,alta_positiva
me tiemblan las manos de la emoción hoy,alta,positiva,alta_positiva
siento que voy a gritar de felicidad,alta,positiva,alta_positiva
últimamente estoy que no quepo de la alegría,alta,positiva,alta_positiva
sinceramente siento que toco el cielo con las manos,alta,positiva,alta_positiva
quiero gritar de felicidad,alta,positiva,alta_positiva
me tiemblan las manos de la emoción,alta,positiva,alta_positiva
últimamente siento que toco el cielo con las manos,alta,positiva,alta_positiva
tengo ganas de reír a carcajadas de entusiasmo,alta,positiva,alta_positiva
te juro que siento electricidad en el cuerpo,alta,positiva,alta_positiva
quiero abrazar a todos de alegría,alta,positiva,alta_positiva
literalmente siento que toco el cielo con las manos,alta,positiva,alta_positiva
siento que voy a reír a carcajadas de felicidad,alta,positiva,alta_positiva
quiero reír a carcajadas de emoción,alta,positiva,alta_positiva
estoy listo para saltar de entusiasmo,alta,positiva,alta_positiva
siento que voy a correr de alegría,alta,positiva,alta_positiva
estoy súper motivado completamente,alta,positiva,alta_positiva
últimamente tengo las pilas puestas,alta,positiva,alta_positiva
me muero por correr de emoción,alta,positiva,alta_positiva
estoy listo para celebrar de felicidad,alta,positiva,alta_positiva
siento que voy a correr de entusiasmo,alta,positiva,alta_positiva
te juro que tengo las pilas puestas,alta,positiva,alta_positiva
siento que voy a abrazar a todos de emoción,alta,positiva,alta_positiva
quiero correr de felicidad,alta,positiva,alta_positiva
sinceramente estoy a tope,alta,positiva,alta_positiva
me muero por bailar de emoción,alta,positiva,alta_positiva
quiero bailar de felicidad,alta,positiva,alta_positiva
estoy listo para saltar de alegría,alta,positiva,alta_positiva
me muero por reír a carcajadas de alegría,alta,positiva,alta_positiva
tengo ganas de abrazar a todos de alegría,alta,positiva,alta_positiva
tengo ganas de reír a carcajadas de felicidad,alta,positiva,alta_positiva
tengo ganas de abrazar a todos de entusiasmo,alta,positiva,alta_positiva
me muero por abrazar a todos de emoción,alta,positiva,alta_positiva
quiero reír a carcajadas de felicidad,alta,positiva,alta_positiva
quiero abrazar a todos de entusiasmo,alta,positiva,alta_positiva
últimamente tengo el corazón latiendo a mil,alta,positiva,alta_positiva
siento que voy a saltar de alegría,alta,positiva,alta_positiva
quiero reír a carcajadas de alegría,alta,positiva,alta_positiva
siento mariposas en el estómago en este momento,alta,positiva,alta_positiva
quiero gritar de entusiasmo,alta,positiva,alta_positiva
siento que voy a reír a carcajadas de entusiasmo,alta,positiva,alta_positiva
siento que voy a correr de emoción,alta,positiva,alta_positiva
te juro que siento que toco el cielo con las manos,alta,positiva,alta_positiva
estoy listo para correr de emoción,alta,positiva,alta_positiva
siento que voy a saltar de entusiasmo,alta,positiva,alta_positiva
siento electricidad en el cuerpo porque sí,alta,positiva,alta_positiva
me tiemblan las manos de la emoción ahora mismo,alta,positiva,alta_positiva
siento mariposas en el estómago hoy,alta,positiva,alta_positiva
literalmente tengo las pilas puestas,alta,positiva,alta_positiva
estoy listo para abrazar a todos de entusiasmo,alta,positiva,alta_positiva
la verdad es que siento una energía desbordante,alta,positiva,alta_positiva
te juro que estoy que no quepo de la alegría,alta,positiva,alta_positiva
siento mariposas en el estómago ahora mismo,alta,positiva,alta_positiva
quiero celebrar de entusiasmo,alta,positiva,alta_positiva
tengo ganas de correr de felicidad,alta,positiva,alta_positiva
estoy listo para celebrar de entusiasmo,alta,positiva,alta_positiva
me muero por celebrar de felicidad,alta,positiva,alta_positiva
siento que voy a saltar de emoción,alta,positiva,alta_positiva
últimamente siento electricidad en el cuerpo,alta,positiva,alta_positiva
tengo ganas de gritar de entusiasmo,alta,positiva,alta_positiva
quiero saltar de felicidad,alta,positiva,alta_positiva
quiero celebrar de emoción,alta,positiva,alta_positiva
me tiemblan las manos de la emoción porque sí,alta,positiva,alta_positiva
estoy a tope absolutamente,alta,positiva,alta_positiva
estoy listo para abrazar a todos de alegría,alta,positiva,alta_positiva
sinceramente me tiemblan las manos de la emoción,alta,positiva,alta_positiva
la verdad es que estoy a tope,alta,positiva,alta_positiva
siento que voy a celebrar de emoción,alta,positiva,alta_positiva
tengo ganas de celebrar de emoción,alta,positiva,alta_positiva
estoy listo para abrazar a todos de felicidad,alta,positiva,alta_positiva
siento que voy a abrazar a todos de entusiasmo,alta,positiva,alta_positiva
estoy listo para reír a carcajadas de emoción,alta,positiva,alta_positiva
estoy listo para reír a carcajadas de alegría,alta,positiva,alta_positiva
estoy que no quepo de la alegría absolutamente,alta,positiva,alta_positiva
quiero correr de emoción,alta,positiva,alta_positiva
estoy listo para correr de entusiasmo,alta,positiva,alta_positiva
siento una energía desbordante hoy,alta,positiva,alta_positiva
me muero por saltar de felicidad,alta,positiva,alta_positiva
últimamente estoy a tope,alta,positiva,alta_positiva
tengo ganas de bailar de alegría,alta,positiva,alta_positiva
quiero gritar de emoción,alta,positiva,alta_positiva
estoy listo para celebrar de emoción,alta,positiva,alta_positiva
me muero por gritar de entusiasmo,alta,positiva,alta_positiva
tengo ganas de celebrar de felicidad,alta,positiva,alta_positiva
siento que voy a bailar de alegría,alta,positiva,alta_positiva
estoy listo para bailar de felicidad,alta,positiva,alta_positiva
me muero por correr de entusiasmo,alta,positiva,alta_positiva
la verdad es que estoy súper motivado,alta,positiva,alta_positiva
estoy listo para reír a carcajadas de entusiasmo,alta,positiva,alta_positiva
tengo ganas de bailar de emoción,alta,positiva,alta_positiva
siento electricidad en el cuerpo hoy,alta,positiva,alta_positiva
la verdad es que tengo el corazón latiendo a mil,alta,positiva,alta_positiva
siento que toco el cielo con las manos,alta,positiva,alta_positiva
literalmente estoy que no quepo de la alegría,alta,positiva,alta_positiva
sinceramente siento una energía desbordante,alta,positiva,alta_positiva
siento electricidad en el cuerpo,alta,positiva,alta_positiva
me muero por correr de alegría,alta,positiva,alta_positiva
tengo las pilas puestas absolutamente,alta,positiva,alta_positiva
la verdad es que tengo las pilas puestas,alta,positiva,alta_positiva
me muero por reír a carcajadas de emoción,alta,positiva,alta_positiva
me muero por gritar de alegría,alta,positiva,alta_positiva
siento una energía desbordante en este momento,alta,positiva,alta_positiva
me muero por reír a carcajadas de entusiasmo,alta,positiva,alta_positiva
tengo ganas de celebrar de alegría,alta,positiva,alta_positiva
estoy súper motivado absolutamente,alta,positiva,alta_positiva
la verdad es que me tiemblan las manos de la emoción,alta,positiva,alta_positiva
tengo ganas de saltar de emoción,alta,positiva,alta_positiva
literalmente me tiemblan las manos de la emoción,alta,positiva,alta_positiva
siento que voy a gritar de entusiasmo,alta,positiva,alta_positiva
la verdad es que siento un nudo en la garganta,alta,negativa,alta_negativa
estoy a punto de perder la cabeza absolutamente,alta,negativa,alta_negativa
tengo a punto de estallar del estrés,alta,negativa,alta_negativa
literalmente estoy que echo chispas,alta,negativa,alta_negativa
te juro que siento que me va a dar algo,alta,negativa,alta_negativa
te juro que no puedo dejar de pensar en eso,alta,negativa,alta_negativa
literalmente mi cabeza es un torbellino de pensamientos,alta,negativa,alta_negativa
siento que con los nervios de punta de la ansiedad,alta,negativa,alta_negativa
me suda todo el cuerpo porque sí,alta,negativa,alta_negativa
últimamente no me calienta ni el sol,alta,negativa,alta_negativa
mi cabeza es un torbellino de pensamientos en este momento,alta,negativa,alta_negativa
siento que con los nervios de punta del pánico,alta,negativa,alta_negativa
sinceramente estoy que echo chispas,alta,negativa,alta_negativa
tengo taquicardia en este momento,alta,negativa,alta_negativa
estoy que echo chispas completamente,alta,negativa,alta_negativa
me siento los puños apretados del pánico,alta,negativa,alta_negativa
siento que me asfixio de la rabia,alta,negativa,alta_negativa
siento que me asfixio del pánico,alta,negativa,alta_negativa
siento que a punto de estallar del pánico,alta,negativa,alta_negativa
estoy los puños apretados de la rabia,alta,negativa,alta_negativa
no puedo dejar de pensar en eso hoy,alta,negativa,alta_negativa
la verdad es que siento que me va a dar algo,alta,negativa,alta_negativa
estoy a punto de estallar de la rabia,alta,negativa,alta_negativa
estoy los puños apretados del pánico,alta,negativa,alta_negativa
tengo a punto de estallar del coraje,alta,negativa,alta_negativa
literalmente me suda todo el cuerpo,alta,negativa,alta_negativa
estoy me asfixio de la ansiedad,alta,negativa,alta_negativa
tengo la sangre hirviendo del estrés,alta,negativa,alta_negativa
mi cabeza es un torbellino de pensamientos,alta,negativa,alta_negativa
me hierve la sangre completamente,alta,negativa,alta_negativa
me siento los puños apretados de la rabia,alta,negativa,alta_negativa
no puedo más del estrés,alta,negativa,alta_negativa
tengo me asfixio del pánico,alta,negativa,alta_negativa
siento que a punto de estallar del coraje,alta,negativa,alta_negativa
siento que me va a dar algo hoy,alta,negativa,alta_negativa
estoy la sangre hirviendo del pánico,alta,negativa,alta_negativa
últimamente mi cabeza es un torbellino de pensamientos,alta,negativa,alta_negativa
siento que los puños apretados del coraje,alta,negativa,alta_negativa
me siento la sangre hirviendo de la ansiedad,alta,negativa,alta_negativa
siento que los puños apretados del estrés,alta,negativa,alta_negativa
tengo los puños apretados de la ansiedad,alta,negativa,alta_negativa
siento que la sangre hirviendo de la ansiedad,alta,negativa,alta_negativa
siento que la sangre hirviendo del pánico,alta,negativa,alta_negativa
siento un nudo en la garganta hoy,alta,negativa,alta_negativa
últimamente no puedo dejar de pensar en eso,alta,negativa,alta_negativa
tengo con los nervios de punta de la ansiedad,alta,negativa,alta_negativa
me siento los puños apretados de la ansiedad,alta,negativa,alta_negativa
siento un nudo en la garganta,alta,negativa,alta_negativa
sinceramente no puedo más del estrés,alta,negativa,alta_negativa
estoy a punto de perder la cabeza,alta,negativa,alta_negativa
tengo me asfixio del estrés,alta,negativa,alta_negativa
me siento con los nervios de punta del estrés,alta,negativa,alta_negativa
estoy me asfixio del coraje,alta,negativa,alta_negativa
estoy la sangre hirviendo de la ansiedad,alta,negativa,alta_negativa
tengo taquicardia,alta,negativa,alta_negativa
me siento la sangre hirviendo de la rabia,alta,negativa,alta_negativa
últimamente siento que me va a dar algo,alta,negativa,alta_negativa
siento que me va a dar algo ahora mismo,alta,negativa,alta_negativa
estoy a punto de estallar de la ansiedad,alta,negativa,alta_negativa
te juro que estoy que echo chispas,alta,negativa,alta_negativa
sinceramente estoy a punto de perder la cabeza,alta,negativa,alta_negativa
tengo la sangre hirviendo de la rabia,alta,negativa,alta_negativa
siento que me va a dar algo en este momento,alta,negativa,alta_negativa
siento que me va a dar algo,alta,negativa,alta_negativa
siento que la sangre hirviendo del coraje,alta,negativa,alta_negativa
tengo me asfixio de la rabia,alta,negativa,alta_negativa
me siento a punto de estallar del pánico,alta,negativa,alta_negativa
me siento a punto de estallar del coraje,alta,negativa,alta_negativa
siento que me va a dar algo porque sí,alta,negativa,alta_negativa
últimamente estoy a punto de perder la cabeza,alta,negativa,alta_negativa
tengo los puños apretados del estrés,alta,negativa,alta_negativa
me siento me asfixio de la rabia,alta,negativa,alta_negativa
no me calienta ni el sol,alta,negativa,alta_negativa
últimamente me suda todo el cuerpo,alta,negativa,alta_negativa
estoy que echo chispas de verdad,alta,negativa,alta_negativa
me siento me asfixio del coraje,alta,negativa,alta_negativa
estoy a punto de perder la cabeza de verdad,alta,negativa,alta_negativa
me siento la sangre hirviendo del estrés,alta,negativa,alta_negativa
estoy la sangre hirviendo del estrés,alta,negativa,alta_negativa
sinceramente mi cabeza es un torbellino de pensamientos,alta,negativa,alta_negativa
siento que la sangre hirviendo del estrés,alta,negativa,alta_negativa
últimamente no puedo más del estrés,alta,negativa,alta_negativa
literalmente siento un nudo en la garganta,alta,negativa,alta_negativa
estoy con los nervios de punta de la ansiedad,alta,negativa,alta_negativa
tengo con los nervios de punta de la rabia,alta,negativa,alta_negativa
la verdad es que tengo taquicardia,alta,negativa,alta_negativa
tengo los puños apretados del coraje,alta,negativa,alta_negativa
literalmente no puedo más del estrés,alta,negativa,alta_negativa
la verdad es que me suda todo el cuerpo,alta,negativa,alta_negativa
tengo los puños apretados del pánico,alta,negativa,alta_negativa
siento que los puños apretados de la rabia,alta,negativa,alta_negativa
me siento me asfixio del estrés,alta,negativa,alta_negativa
estoy con los nervios de punta del pánico,alta,negativa,alta_negativa
la verdad es que no puedo más del estrés,alta,negativa,alta_negativa
sinceramente tengo taquicardia,alta,negativa,alta_negativa
siento que con los nervios de punta del estrés,alta,negativa,alta_negativa
me siento los puños apretados del estrés,alta,negativa,alta_negativa
no puedo más del estrés de verdad,alta,negativa,alta_negativa
la verdad es que estoy a punto de perder la cabeza,alta,negativa,alta_negativa
sinceramente me suda todo el cuerpo,alta,negativa,alta_negativa
tengo con los nervios de punta del coraje,alta,negativa,alta_negativa
te juro que no me calienta ni el sol,alta,negativa,alta_negativa
tengo a punto de estallar de la rabia,alta,negativa,alta_negativa
estoy a punto de perder la cabeza completamente,alta,negativa,alta_negativa
tengo los puños apretados de la rabia,alta,negativa,alta_negativa
sinceramente no puedo dejar de pensar en eso,alta,negativa,alta_negativa
siento que a punto de estallar de la rabia,alta,negativa,alta_negativa
tengo la sangre hirviendo de la ansiedad,alta,negativa,alta_negativa
últimamente siento un nudo en la garganta,alta,negativa,alta_negativa
te juro que me hierve la sangre,alta,negativa,alta_negativa
la verdad es que no me calienta ni el sol,alta,negativa,alta_negativa
tengo taquicardia ahora mismo,alta,negativa,alta_negativa
no puedo dejar de pensar en eso ahora mismo,alta,negativa,alta_negativa
siento que la sangre hirviendo de la rabia,alta,negativa,alta_negativa
me suda todo el cuerpo ahora mismo,alta,negativa,alta_negativa
tengo taquicardia porque sí,alta,negativa,alta_negativa
te juro que estoy a punto de perder la cabeza,alta,negativa,alta_negativa
siento que a punto de estallar de la ansiedad,alta,negativa,alta_negativa
estoy que echo chispas absolutamente,alta,negativa,alta_negativa
no me calienta ni el sol absolutamente,alta,negativa,alta_negativa
literalmente no me calienta ni el sol,alta,negativa,alta_negativa
no puedo dejar de pensar en eso en este momento,alta,negativa,alta_negativa
sinceramente siento un nudo en la garganta,alta,negativa,alta_negativa
tengo taquicardia hoy,alta,negativa,alta_negativa
últimamente estoy que echo chispas,alta,negativa,alta_negativa
me siento a punto de estallar del estrés,alta,negativa,alta_negativa
tengo con los nervios de punta del pánico,alta,negativa,alta_negativa
la verdad es que me hierve la sangre,alta,negativa,alta_negativa
literalmente tengo taquicardia,alta,negativa,alta_negativa
me siento con los nervios de punta de la rabia,alta,negativa,alta_negativa
literalmente siento que me va a dar algo,alta,negativa,alta_negativa
no puedo más del estrés completamente,alta,negativa,alta_negativa
tengo a punto de estallar de la ansiedad,alta,negativa,alta_negativa
estoy los puños apretados del estrés,alta,negativa,alta_negativa
tengo con los nervios de punta del estrés,alta,negativa,alta_negativa
literalmente estoy a punto de perder la cabeza,alta,negativa,alta_negativa
siento que me asfixio del coraje,alta,negativa,alta_negativa
tengo a punto de estallar del pánico,alta,negativa,alta_negativa
siento que con los nervios de punta del coraje,alta,negativa,alta_negativa
estoy los puños apretados de la ansiedad,alta,negativa,alta_negativa
me siento los puños apretados del coraje,alta,negativa,alta_negativa
siento un nudo en la garganta en este momento,alta,negativa,alta_negativa
estoy los puños apretados del coraje,alta,negativa,alta_negativa
últimamente tengo taquicardia,alta,negativa,alta_negativa
la verdad es que no puedo dejar de pensar en eso,alta,negativa,alta_negativa
siento que a punto de estallar del estrés,alta,negativa,alta_negativa
me siento me asfixio de la ansiedad,alta,negativa,alta_negativa
estoy a punto de estallar del pánico,alta,negativa,alta_negativa
me siento con los nervios de punta de la ansiedad,alta,negativa,alta_negativa
tengo me asfixio de la ansiedad,alta,negativa,alta_negativa
últimamente mi mente está nublada,baja,negativa,baja_negativa
me siento sin ganas de nada y no tengo ganas de salir,baja,negativa,baja_negativa
tengo sin fuerzas y todo me da igual,baja,negativa,baja_negativa
no tengo energías ni para hablar,baja,negativa,baja_negativa
estoy hundido y todo me da igual,baja,negativa,baja_negativa
siento sin ganas de nada y me cuesta levantarme,baja,negativa,baja_negativa
la verdad es que me siento bajoneado,baja,negativa,baja_negativa
mi mente está nublada ahora mismo,baja,negativa,baja_negativa
me siento sin ganas de nada y quiero llorar,baja,negativa,baja_negativa
siento apagado y quiero llorar,baja,negativa,baja_negativa
sinceramente mi mente está nublada,baja,negativa,baja_negativa
estoy hundido y quiero llorar,baja,negativa,baja_negativa
literalmente siento una opresión en el pecho,baja,negativa,baja_negativa
te juro que estoy de capa caída,baja,negativa,baja_negativa
estoy el cuerpo pesado y todo me da igual,baja,negativa,baja_negativa
tengo apagado y no tengo ganas de salir,baja,negativa,baja_negativa
me siento el cuerpo pesado y quiero llorar,baja,negativa,baja_negativa
tengo sin ganas de nada y quiero llorar,baja,negativa,baja_negativa
literalmente estoy hecho polvo,baja,negativa,baja_negativa
estoy apagado y me cuesta levantarme,baja,negativa,baja_negativa
estoy apagado y todo me da igual,baja,negativa,baja_negativa
siento sin ganas de nada y todo me da igual,baja,negativa,baja_negativa
te juro que siento una opresión en el pecho,baja,negativa,baja_negativa
me siento apagado y no tengo ganas de salir,baja,negativa,baja_negativa
tengo sin fuerzas y no le veo sentido a nada,baja,negativa,baja_negativa
estoy por el piso,baja,negativa,baja_negativa
me siento el cuerpo pesado y todo me da igual,baja,negativa,baja_negativa
siento una opresión en el pecho en este momento,baja,negativa,baja_negativa
tengo el cuerpo pesado y quiero llorar,baja,negativa,baja_negativa
tengo apagado y no le veo sentido a nada,baja,negativa,baja_negativa
siento el cuerpo pesado y quiero llorar,baja,negativa,baja_negativa
estoy un vacío enorme y quiero llorar,baja,negativa,baja_negativa
últimamente siento una pesadez en el pecho,baja,negativa,baja_negativa
me siento sin fuerzas y todo me da igual,baja,negativa,baja_negativa
siento sin fuerzas y quiero llorar,baja,negativa,baja_negativa
estoy sin fuerzas y no le veo sentido a nada,baja,negativa,baja_negativa
siento el cuerpo pesado y no le veo sentido a nada,baja,negativa,baja_negativa
me siento hundido y no tengo ganas de salir,baja,negativa,baja_negativa
siento apagado y todo me da igual,baja,negativa,baja_negativa
te juro que mi mente está nublada,baja,negativa,baja_negativa
estoy un vacío enorme y me cuesta levantarme,baja,negativa,baja_negativa
mi mente está nublada porque sí,baja,negativa,baja_negativa
me siento el cuerpo pesado y no le veo sentido a nada,baja,negativa,baja_negativa
literalmente no doy más,baja,negativa,baja_negativa
me siento hundido y me cuesta levantarme,baja,negativa,baja_negativa
siento una pesadez en el pecho,baja,negativa,baja_negativa
me siento bajoneado completamente,baja,negativa,baja_negativa
últimamente no doy más,baja,negativa,baja_negativa
la verdad es que siento una pesadez en el pecho,baja,negativa,baja_negativa
tengo sin fuerzas y no tengo ganas de salir,baja,negativa,baja_negativa
estoy hecho polvo,baja,negativa,baja_negativa
no doy más absolutamente,baja,negativa,baja_negativa
me arrastro por los rincones hoy,baja,negativa,baja_negativa
estoy sin fuerzas y todo me da igual,baja,negativa,baja_negativa
siento hundido y no tengo ganas de salir,baja,negativa,baja_negativa
estoy sin fuerzas y me cuesta levantarme,baja,negativa,baja_negativa
te juro que me arrastro por los rincones,baja,negativa,baja_negativa
siento sin fuerzas y no le veo sentido a nada,baja,negativa,baja_negativa
no tengo fuerzas de verdad,baja,negativa,baja_negativa
tengo un vacío enorme y me cuesta levantarme,baja,negativa,baja_negativa
siento un vacío enorme y no tengo ganas de salir,baja,negativa,baja_negativa
siento apagado y me cuesta levantarme,baja,negativa,baja_negativa
tengo hundido y quiero llorar,baja,negativa,baja_negativa
la verdad es que no tengo fuerzas,baja,negativa,baja_negativa
estoy hundido y me cuesta levantarme,baja,negativa,baja_negativa
no tengo energías ni para hablar en este momento,baja,negativa,baja_negativa
me siento sin fuerzas y quiero llorar,baja,negativa,baja_negativa
literalmente no tengo energías ni para hablar,baja,negativa,baja_negativa
te juro que no tengo fuerzas,baja,negativa,baja_negativa
mi mente está nublada hoy,baja,negativa,baja_negativa
siento el cuerpo pesado y no tengo ganas de salir,baja,negativa,baja_negativa
no tengo energías ni para hablar porque sí,baja,negativa,baja_negativa
tengo el cuerpo pesado y no tengo ganas de salir,baja,negativa,baja_negativa
estoy sin ganas de nada y quiero llorar,baja,negativa,baja_negativa
la verdad es que estoy por el piso,baja,negativa,baja_negativa
sinceramente no tengo energías ni para hablar,baja,negativa,baja_negativa
estoy hundido y no le veo sentido a nada,baja,negativa,baja_negativa
tengo apagado y todo me da igual,baja,negativa,baja_negativa
últimamente estoy de capa caída,baja,negativa,baja_negativa
me siento bajoneado de verdad,baja,negativa,baja_negativa
siento una opresión en el pecho hoy,baja,negativa,baja_negativa
tengo un vacío enorme y todo me da igual,baja,negativa,baja_negativa
literalmente mi mente está nublada,baja,negativa,baja_negativa
estoy el cuerpo pesado y quiero llorar,baja,negativa,baja_negativa
no tengo fuerzas,baja,negativa,baja_negativa
me arrastro por los rincones porque sí,baja,negativa,baja_negativa
tengo un vacío enorme y no tengo ganas de salir,baja,negativa,baja_negativa
me siento sin fuerzas y no tengo ganas de salir,baja,negativa,baja_negativa
me siento apagado y me cuesta levantarme,baja,negativa,baja_negativa
me siento un vacío enorme y todo me da igual,baja,negativa,baja_negativa
me siento el cuerpo pesado y no tengo ganas de salir,baja,negativa,baja_negativa
tengo sin fuerzas y quiero llorar,baja,negativa,baja_negativa
me siento apagado y no le veo sentido a nada,baja,negativa,baja_negativa
te juro que estoy por el piso,baja,negativa,baja_negativa
siento una opresión en el pecho ahora mismo,baja,negativa,baja_negativa
te juro que no tengo energías ni para hablar,baja,negativa,baja_negativa
me siento bajoneado,baja,negativa,baja_negativa
tengo el cuerpo pesado y no le veo sentido a nada,baja,negativa,baja_negativa
sinceramente estoy hecho polvo,baja,negativa,baja_negativa
no tengo fuerzas completamente,baja,negativa,baja_negativa
sinceramente estoy de capa caída,baja,negativa,baja_negativa
mi mente está nublada,baja,negativa,baja_negativa
no doy más,baja,negativa,baja_negativa
tengo hundido y no le veo sentido a nada,baja,negativa,baja_negativa
te juro que no doy más,baja,negativa,baja_negativa
tengo hundido y no tengo ganas de salir,baja,negativa,baja_negativa
estoy por el piso absolutamente,baja,negativa,baja_negativa
estoy por el piso de verdad,baja,negativa,baja_negativa
siento un vacío enorme y no le veo sentido a nada,baja,negativa,baja_negativa
te juro que me siento bajoneado,baja,negativa,baja_negativa
me siento bajoneado absolutamente,baja,negativa,baja_negativa
me siento sin ganas de nada y todo me da igual,baja,negativa,baja_negativa
tengo un vacío enorme y no le veo sentido a nada,baja,negativa,baja_negativa
me siento un vacío enorme y no tengo ganas de salir,baja,negativa,baja_negativa
siento hundido y me cuesta levantarme,baja,negativa,baja_negativa
estoy sin fuerzas y no tengo ganas de salir,baja,negativa,baja_negativa
estoy de capa caída de verdad,baja,negativa,baja_negativa
estoy sin ganas de nada y me cuesta levantarme,baja,negativa,baja_negativa
sinceramente siento una pesadez en el pecho,baja,negativa,baja_negativa
tengo apagado y me cuesta levantarme,baja,negativa,baja_negativa
siento una pesadez en el pecho hoy,baja,negativa,baja_negativa
sinceramente no doy más,baja,negativa,baja_negativa
me siento sin fuerzas y no le veo sentido a nada,baja,negativa,baja_negativa
estoy sin ganas de nada y no le veo sentido a nada,baja,negativa,baja_negativa
últimamente estoy hecho polvo,baja,negativa,baja_negativa
siento apagado y no tengo ganas de salir,baja,negativa,baja_negativa
tengo sin ganas de nada y no tengo ganas de salir,baja,negativa,baja_negativa
no doy más de verdad,baja,negativa,baja_negativa
no tengo energías ni para hablar hoy,baja,negativa,baja_negativa
la verdad es que no tengo energías ni para hablar,baja,negativa,baja_negativa
estoy sin ganas de nada y todo me da igual,baja,negativa,baja_negativa
literalmente siento una pesadez en el pecho,baja,negativa,baja_negativa
estoy el cuerpo pesado y me cuesta levantarme,baja,negativa,baja_negativa
te juro que estoy hecho polvo,baja,negativa,baja_negativa
siento sin fuerzas y todo me da igual,baja,negativa,baja_negativa
no tengo fuerzas absolutamente,baja,negativa,baja_negativa
siento un vacío enorme y quiero llorar,baja,negativa,baja_negativa
me siento sin ganas de nada y me cuesta levantarme,baja,negativa,baja_negativa
la verdad es que estoy de capa caída,baja,negativa,baja_negativa
tengo hundido y todo me da igual,baja,negativa,baja_negativa
estoy apagado y quiero llorar,baja,negativa,baja_negativa
siento hundido y quiero llorar,baja,negativa,baja_negativa
siento una pesadez en el pecho en este momento,baja,negativa,baja_negativa
me siento el cuerpo pesado y me cuesta levantarme,baja,negativa,baja_negativa
últimamente me arrastro por los rincones,baja,negativa,baja_negativa
estoy apagado y no tengo ganas de salir,baja,negativa,baja_negativa
tengo sin fuerzas y me cuesta levantarme,baja,negativa,baja_negativa
la verdad es que no doy más,baja,negativa,baja_negativa
últimamente no tengo energías ni para hablar,baja,negativa,baja_negativa
estoy un vacío enorme y no le veo sentido a nada,baja,negativa,baja_negativa
mi respiración es pausada y tranquila en este momento,baja,positiva,baja_positiva
estoy muy relajado y mi mente está en paz,baja,positiva,baja_positiva
me siento en armonía y mis músculos están sueltos,baja,positiva,baja_positiva
siento en paz y estoy disfrutando el silencio,baja,positiva,baja_positiva
estoy en armonía y mi mente está en paz,baja,positiva,baja_positiva
literalmente estoy en las nubes,baja,positiva,baja_positiva
siento en armonía y todo fluye,baja,positiva,baja_positiva
literalmente estoy modo zen,baja,positiva,baja_positiva
te juro que estoy modo zen,baja,positiva,baja_positiva
me siento tranquilo y mis músculos están sueltos,baja,positiva,baja_positiva
la verdad es que mi respiración es pausada y tranquila,baja,positiva,baja_positiva
me siento en armonía y todo fluye,baja,positiva,baja_positiva
siento una calma inmensa,baja,positiva,baja_positiva
me siento muy relajado y mis músculos están sueltos,baja,positiva,baja_positiva
estoy en paz y estoy disfrutando el silencio,baja,positiva,baja_positiva
estoy respirando profundo y estoy disfrutando el silencio,baja,positiva,baja_positiva
siento una paz total ahora mismo,baja,positiva,baja_positiva
estoy muy relajado y estoy disfrutando el silencio,baja,positiva,baja_positiva
mi respiración es pausada y tranquila porque sí,baja,positiva,baja_positiva
me siento en paz y mi mente está en paz,baja,positiva,baja_positiva
tengo el cuerpo ligero porque sí,baja,positiva,baja_positiva
siento sereno y todo fluye,baja,positiva,baja_positiva
me siento como nuevo,baja,positiva,baja_positiva
te juro que me siento súper chill,baja,positiva,baja_positiva
estoy en paz y todo fluye,baja,positiva,baja_positiva
estoy en mi centro absolutamente,baja,positiva,baja_positiva
últimamente tengo el cuerpo ligero,baja,positiva,baja_positiva
siento una paz total en este momento,baja,positiva,baja_positiva
me siento tranquilo y mi mente está en paz,baja,positiva,baja_positiva
me siento respirando profundo y estoy disfrutando el silencio,baja,positiva,baja_positiva
estoy tranquilo y mi mente está en paz,baja,positiva,baja_positiva
siento sereno y estoy disfrutando el silencio,baja,positiva,baja_positiva
siento respirando profundo y todo fluye,baja,positiva,baja_positiva
estoy en mi centro completamente,baja,positiva,baja_positiva
sinceramente estoy flotando,baja,positiva,baja_positiva
me siento en armonía y estoy disfrutando el silencio,baja,positiva,baja_positiva
sinceramente mi respiración es pausada y tranquila,baja,positiva,baja_positiva
siento en armonía y estoy disfrutando el silencio,baja,positiva,baja_positiva
siento sereno y mis músculos están sueltos,baja,positiva,baja_positiva
últimamente siento una calma inmensa,baja,positiva,baja_positiva
últimamente me siento como nuevo,baja,positiva,baja_positiva
te juro que estoy en las nubes,baja,positiva,baja_positiva
me siento sereno y estoy disfrutando el silencio,baja,positiva,baja_positiva
me siento muy relajado y estoy disfrutando el silencio,baja,positiva,baja_positiva
estoy en las nubes,baja,positiva,baja_positiva
estoy flotando en este momento,baja,positiva,baja_positiva
me siento tranquilo y todo fluye,baja,positiva,baja_positiva
estoy respirando profundo y todo fluye,baja,positiva,baja_positiva
estoy tranquilo y mis músculos están sueltos,baja,positiva,baja_positiva
últimamente estoy flotando,baja,positiva,baja_positiva
me siento en paz y todo fluye,baja,positiva,baja_positiva
últimamente estoy modo zen,baja,positiva,baja_positiva
siento tranquilo y mi mente está en paz,baja,positiva,baja_positiva
siento respirando profundo y mis músculos están sueltos,baja,positiva,baja_positiva
literalmente siento una calma inmensa,baja,positiva,baja_positiva
sinceramente siento una paz total,baja,positiva,baja_positiva
estoy flotando hoy,baja,positiva,baja_positiva
siento una calma inmensa ahora mismo,baja,positiva,baja_positiva
la verdad es que estoy modo zen,baja,positiva,baja_positiva
la verdad es que estoy en las nubes,baja,positiva,baja_positiva
me siento sereno y mi mente está en paz,baja,positiva,baja_positiva
te juro que tengo el cuerpo ligero,baja,positiva,baja_positiva
te juro que siento una paz total,baja,positiva,baja_positiva
siento en armonía y mis músculos están sueltos,baja,positiva,baja_positiva
te juro que siento una calma inmensa,baja,positiva,baja_positiva
estoy respirando profundo y mis músculos están sueltos,baja,positiva,baja_positiva
la verdad es que siento una calma inmensa,baja,positiva,baja_positiva
siento respirando profundo y estoy disfrutando el silencio,baja,positiva,baja_positiva
la verdad es que me siento como nuevo,baja,positiva,baja_positiva
literalmente me siento como nuevo,baja,positiva,baja_positiva
te juro que mi respiración es pausada y tranquila,baja,positiva,baja_positiva
me siento respirando profundo y mis músculos están sueltos,baja,positiva,baja_positiva
siento en paz y todo fluye,baja,positiva,baja_positiva
tengo el cuerpo ligero hoy,baja,positiva,baja_positiva
me siento como nuevo completamente,baja,positiva,baja_positiva
siento una calma inmensa hoy,baja,positiva,baja_positiva
tengo el cuerpo ligero en este momento,baja,positiva,baja_positiva
la verdad es que siento una paz total,baja,positiva,baja_positiva
literalmente me siento súper chill,baja,positiva,baja_positiva
estoy sereno y todo fluye,baja,positiva,baja_positiva
estoy flotando porque sí,baja,positiva,baja_positiva
me siento en paz y mis músculos están sueltos,baja,positiva,baja_positiva
siento sereno y mi mente está en paz,baja,positiva,baja_positiva
siento respirando profundo y mi mente está en paz,baja,positiva,baja_positiva
literalmente estoy flotando,baja,positiva,baja_positiva
la verdad es que estoy en mi centro,baja,positiva,baja_positiva
estoy en las nubes completamente,baja,positiva,baja_positiva
te juro que estoy flotando,baja,positiva,baja_positiva
últimamente siento una paz total,baja,positiva,baja_positiva
literalmente estoy en mi centro,baja,positiva,baja_positiva
me siento en paz y estoy disfrutando el silencio,baja,positiva,baja_positiva
estoy en paz y mis músculos están sueltos,baja,positiva,baja_positiva
últimamente mi respiración es pausada y tranquila,baja,positiva,baja_positiva
estoy flotando ahora mismo,baja,positiva,baja_positiva
me siento súper chill de verdad,baja,positiva,baja_positiva
siento tranquilo y mis músculos están sueltos,baja,positiva,baja_positiva
sinceramente me siento súper chill,baja,positiva,baja_positiva
me siento respirando profundo y todo fluye,baja,positiva,baja_positiva
sinceramente tengo el cuerpo ligero,baja,positiva,baja_positiva
estoy tranquilo y estoy disfrutando el silencio,baja,positiva,baja_positiva
la verdad es que tengo el cuerpo ligero,baja,positiva,baja_positiva
me siento respirando profundo y mi mente está en paz,baja,positiva,baja_positiva
me siento muy relajado y mi mente está en paz,baja,positiva,baja_positiva
me siento sereno y todo fluye,baja,positiva,baja_positiva
sinceramente siento una calma inmensa,baja,positiva,baja_positiva
me siento muy relajado y todo fluye,baja,positiva,baja_positiva
literalmente siento una paz total,baja,positiva,baja_positiva
mi respiración es pausada y tranquila,baja,positiva,baja_positiva
la verdad es que estoy flotando,baja,positiva,baja_positiva
estoy en paz y mi mente está en paz,baja,positiva,baja_positiva
últimamente estoy en las nubes,baja,positiva,baja_positiva
me siento en armonía y mi mente está en paz,baja,positiva,baja_positiva
estoy muy relajado y todo fluye,baja,positiva,baja_positiva
sinceramente estoy en mi centro,baja,positiva,baja_positiva
estoy sereno y mis músculos están sueltos,baja,positiva,baja_positiva
siento muy relajado y mi mente está en paz,baja,positiva,baja_positiva
siento una paz total porque sí,baja,positiva,baja_positiva
tengo el cuerpo ligero,baja,positiva,baja_positiva
siento en armonía y mi mente está en paz,baja,positiva,baja_positiva
estoy sereno y estoy disfrutando el silencio,baja,positiva,baja_positiva
te juro que me siento como nuevo,baja,positiva,baja_positiva
siento una calma inmensa porque sí,baja,positiva,baja_positiva
estoy modo zen,baja,positiva,baja_positiva
siento muy relajado y todo fluye,baja,positiva,baja_positiva
me siento súper chill absolutamente,baja,positiva,baja_positiva
literalmente mi respiración es pausada y tranquila,baja,positiva,baja_positiva
últimamente me siento súper chill,baja,positiva,baja_positiva
siento en paz y mi mente está en paz,baja,positiva,baja_positiva
estoy sereno y mi mente está en paz,baja,positiva,baja_positiva
mi respiración es pausada y tranquila ahora mismo,baja,positiva,baja_positiva
estoy modo zen de verdad,baja,positiva,baja_positiva
últimamente estoy en mi centro,baja,positiva,baja_positiva
sinceramente estoy modo zen,baja,positiva,baja_positiva
estoy modo zen absolutamente,baja,positiva,baja_positiva
me siento sereno y mis músculos están sueltos,baja,positiva,baja_positiva
me siento como nuevo absolutamente,baja,positiva,baja_positiva
mi respiración es pausada y tranquila hoy,baja,positiva,baja_positiva
siento muy relajado y mis músculos están sueltos,baja,positiva,baja_positiva
estoy muy relajado y mis músculos están sueltos,baja,positiva,baja_positiva
estoy en armonía y estoy disfrutando el silencio,baja,positiva,baja_positiva
siento muy relajado y estoy disfrutando el silencio,baja,positiva,baja_positiva
siento tranquilo y estoy disfrutando el silencio,baja,positiva,baja_positiva
estoy en armonía y todo fluye,baja,positiva,baja_positiva
estoy en armonía y mis músculos están sueltos,baja,positiva,baja_positiva
me siento súper chill,baja,positiva,baja_positiva
estoy flotando,baja,positiva,baja_positiva
sinceramente estoy en las nubes,baja,positiva,baja_positiva
me siento como nuevo de verdad,baja,positiva,baja_positiva
literalmente tengo el cuerpo ligero,baja,positiva,baja_positiva
estoy en las nubes de verdad,baja,positiva,baja_positiva
estoy con las emociones a flor de piel,alta,negativa,alta_negativa
tengo las emociones a flor de piel y cualquier cosa me altera,alta,negativa,alta_negativa
siento los nervios y las emociones a flor de piel,alta,negativa,alta_negativa
estoy con la mecha corta y cualquier cosa me hace saltar,alta,negativa,alta_negativa
tengo la mecha corta hoy dia y no aguanto nada,alta,negativa,alta_negativa
estoy chato de todo este estres y no puedo mas,alta,negativa,alta_negativa
estoy chata no doy mas de la rabia y la frustracion,alta,negativa,alta_negativa
estoy con la pera del susto que tengo,alta,negativa,alta_negativa
tengo la pera con esta situacion y me tiemblan las manos,alta,negativa,alta_negativa
estoy con el corazon en la mano de la angustia,alta,negativa,alta_negativa
ando con los cables cruzados y de pesimo humor,alta,negativa,alta_negativa
estoy hipersensible y al borde de las lagrimas,alta,negativa,alta_negativa
estoy super reactivo emocionalmente y siento que voy a explotar,alta,negativa,alta_negativa
siento una sobrecarga de emociones que me asfixia,alta,negativa,alta_negativa
mis emociones estan desbordadas y no puedo controlarme,alta,negativa,alta_negativa
tengo una tormenta de emociones negativas dentro del pecho,alta,negativa,alta_negativa
un torbellino de emociones intensas me tiene en crisis,alta,negativa,alta_negativa
cualquier roce me hace saltar de irritacion,alta,negativa,alta_negativa
siento que la piel me quema y mis nervios estan expuestos,alta,negativa,alta_negativa
estoy tan alterado que siento las emociones en la garganta,alta,negativa,alta_negativa
estoy con el bajon y sin ganas de levantarme de la cama,baja,negativa,baja_negativa
ando super bajoneado y no tengo energia para nada,baja,negativa,baja_negativa
me da lata todo y solo quiero quedarme encerrado,baja,negativa,baja_negativa
estoy achacado y triste por todo lo que paso,baja,negativa,baja_negativa
"no doy mas, estoy botado del cansancio y la desgana",baja,negativa,baja_negativa
siento un apagon de emociones y nada me conmueve,baja,negativa,baja_negativa
un vacio de emociones me invade y me siento desconectado,baja,negativa,baja_negativa
no siento ninguna emocion solo una tristeza pesada,baja,negativa,baja_negativa
estoy botada en el sillon sin animo de hablar con nadie,baja,negativa,baja_negativa
"me da lata la vida hoy, no tengo motivacion",baja,negativa,baja_negativa
ando con una pena profunda que me tiene apagado,baja,negativa,baja_negativa
siento el cuerpo como plomo y un bajon enorme,baja,negativa,baja_negativa
estoy prendido con ganas de salir y celebrar,alta,positiva,alta_positiva
estoy en llamas de la motivacion y la alegria,alta,positiva,alta_positiva
estoy que salto en una pata de lo feliz que estoy,alta,positiva,alta_positiva
estoy chocho con mis logros y muy orgulloso,alta,positiva,alta_positiva
estoy chocha de felicidad con esta gran noticia,alta,positiva,alta_positiva
estoy prendida y con toda la energia del mundo,alta,positiva,alta_positiva
"me siento en llamas, nada me puede parar hoy",alta,positiva,alta_positiva
salto en una pata de la pura emocion positiva,alta,positiva,alta_positiva
tengo una vibra increible y el pecho lleno de jubilo,alta,positiva,alta_positiva
estoy con la energia a tope y una sonrisa gigante,alta,positiva,alta_positiva
estoy piola descansando en mi casa tranquilamente,baja,positiva,baja_positiva
estoy piola y relajado disfrutando el silencio y la calma,baja,positiva,baja_positiva
estoy tranqui sin ninguna preocupacion en la cabeza,baja,positiva,baja_positiva
ando livianito de sangre y en paz con todo el mundo,baja,positiva,baja_positiva
mis emociones estan serenas y en perfecto equilibrio,baja,positiva,baja_positiva
siento una emocion tranquila y reconfortante en el pecho,baja,positiva,baja_positiva
ando piola tomando un cafe y mirando el paisaje,baja,positiva,baja_positiva
livianito de sangre disfrutando este momento de descanso,baja,positiva,baja_positiva
estoy tranqui en mi cama sintiendo pura relajacion,baja,positiva,baja_positiva
siento una calma agradable y liviana en todo el cuerpo,baja,positiva,baja_positiva
